{
  "Total" : {
    "transaction" : "Total",
    "sampleCount" : 637,
    "errorCount" : 1,
    "errorPct" : 0.15698586,
    "meanResTime" : 179.3814756671899,
    "medianResTime" : 179.0,
    "minResTime" : 169.0,
    "maxResTime" : 1223.0,
    "pct1ResTime" : 182.0,
    "pct2ResTime" : 183.10000000000002,
    "pct3ResTime" : 240.46000000000015,
    "throughput" : 10.597238396273498,
    "receivedKBytesPerSec" : 38.27886180024122,
    "sentKBytesPerSec" : 4.243034904757944
  },
  "Transaction Controller" : {
    "transaction" : "Transaction Controller",
    "sampleCount" : 637,
    "errorCount" : 1,
    "errorPct" : 0.15698586,
    "meanResTime" : 179.38304552590253,
    "medianResTime" : 179.0,
    "minResTime" : 169.0,
    "maxResTime" : 1223.0,
    "pct1ResTime" : 182.0,
    "pct2ResTime" : 183.10000000000002,
    "pct3ResTime" : 240.46000000000015,
    "throughput" : 10.590543326461395,
    "receivedKBytesPerSec" : 38.25467817404569,
    "sentKBytesPerSec" : 4.240354261571457
  },
  "HTTP Request" : {
    "transaction" : "HTTP Request",
    "sampleCount" : 637,
    "errorCount" : 1,
    "errorPct" : 0.15698586,
    "meanResTime" : 179.3814756671899,
    "medianResTime" : 179.0,
    "minResTime" : 169.0,
    "maxResTime" : 1223.0,
    "pct1ResTime" : 182.0,
    "pct2ResTime" : 183.10000000000002,
    "pct3ResTime" : 240.46000000000015,
    "throughput" : 10.597238396273498,
    "receivedKBytesPerSec" : 38.27886180024122,
    "sentKBytesPerSec" : 4.243034904757944
  }
}